﻿<?xml version="1.0" encoding="utf-8"?><meta xmlns:xsi="http://www.w3.org/2001/XMLSchema-instance" xmlns:xsd="http://www.w3.org/2001/XMLSchema"><project id="5ciLOdAFH7p" courseid="6IWw3xaILMX_course_id" thumburl="story_content/thumbnail.jpg" title="Basic Electronics Course" datepublished="2019-04-24T18:43:50" version="1.0.0.0" flashdata="story_content/data.swf" html5data="mobile/data.json" mobiledata="mobile/data.gz" enabledownload="false" duration="About 7 minutes" totalaudio="27682" totalvideo="0"><description>New features added - resources, voice audio quizz slides</description><keywords /><slidemeta moniker="slide" monikerplural="slides" viewslides="30" slidecountdescription="30 slides" /><author name="mary3" email="" website="" /><application name="Articulate Storyline" version="3.26.18601.0" xmlversion="4.0" /></project></meta>